area_under_curve,cycle_duration,mean_current,variance_current,max_peak,time_to_first_peak,rms_current
292.48614297396426,96.0,3.013830847824201,7.084109115986771,6.741395743668008,20.005,4.020856313682884