product_label,area_under_curve,cycle_duration,mean_current,variance_current,max_peak,time_to_first_peak,rms_current
single small,179.07316082169044,74.004,2.408838992732685,5.5948161943323145,6.665617266613516,13.205,3.375991926418328
single small,90.25752297455178,93.405,0.9632661240347213,2.2620053196040404,6.123957569551873,2.406,1.7860254604335615
single small,133.69540810804162,67.28,1.986394860154095,5.556636429735016,6.499663165433225,13.074,3.0825964656733165
single large,213.64643031903478,104.421,2.064847976843037,6.381737238718178,6.641840425816994,41.998,3.2627188671705936
single large,234.05138215593476,81.289,2.872294070056761,6.870716000679583,6.797533145866268,12.595,3.888545901177305
single large,222.74275582848404,84.904,2.627777622942373,6.718563922535324,6.97040823071593,10.694,3.6910403896695563
double large,264.04766041913143,92.616,2.8572778700679105,7.172483946901817,6.619074089270907,26.511,3.916187019752968
double large,364.03125994073315,96.101,3.7862936352904186,6.534163137426294,6.706782427075158,12.206,4.568389500695735
double large,341.41650328144317,94.0,3.6217739286717325,6.709776126235428,6.984661680285785,11.716,4.452754486454615
