product_label,area_under_curve,cycle_duration,mean_current,variance_current,max_peak,time_to_first_peak,rms_current
small coffee,409.65158955878485,103.995,3.9276365439164964,6.914178814035253,6.611039270324433,8.104,4.726574619652542
small coffee,409.65460628030183,103.995,3.9276365439164964,6.914180800477557,6.611039270324433,8.104,4.726574829788044
double coffee,318.42693673285424,83.602,3.8012301202349996,6.761615157397108,7.119543802331003,8.516,4.605536405716374
small coffee,409.65460628030183,103.995,3.9276365439164964,6.914180800477557,6.611039270324433,8.104,4.726574829788044
big coffee,318.42693673285424,83.602,3.8012301202349996,6.761615157397108,7.119543802331003,8.516,4.605536405716374
